District,2020-01-01,2020-01-02,2020-01-03,2020-01-04,2020-01-05,2020-01-06,2020-01-07,2020-01-08,2020-01-09,2020-01-10,2020-01-11,2020-01-12,2020-01-13,2020-01-14,2020-01-15,2020-01-16,2020-01-17,2020-01-18,2020-01-19,2020-01-20,2020-01-21,2020-01-22,2020-01-23,2020-01-24,2020-01-25,2020-01-26,2020-01-27,2020-01-28,2020-01-29,2020-01-30,2020-01-31,2020-02-01,2020-02-02,2020-02-03,2020-02-04,2020-02-05,2020-02-06,2020-02-07,2020-02-08,2020-02-09,2020-02-10,2020-02-11,2020-02-12,2020-02-13,2020-02-14,2020-02-15,2020-02-16,2020-02-17,2020-02-18,2020-02-19,2020-02-20,2020-02-21,2020-02-22,2020-02-23,2020-02-24,2020-02-25,2020-02-26,2020-02-27,2020-02-28,2020-02-29,2020-03-01,2020-03-02,2020-03-03,2020-03-04,2020-03-05,2020-03-06,2020-03-07,2020-03-08,2020-03-09,2020-03-10,2020-03-11,2020-03-12,2020-03-13,2020-03-14,2020-03-15,2020-03-16,2020-03-17,2020-03-18,2020-03-19,2020-03-20,2020-03-21,2020-03-22,2020-03-23,2020-03-24,2020-03-25,2020-03-26,2020-03-27,2020-03-28,2020-03-29,2020-03-30,2020-03-31,2020-04-01,2020-04-02,2020-04-03,2020-04-04,2020-04-05,2020-04-06,2020-04-07,2020-04-08,2020-04-09,2020-04-10,2020-04-11,2020-04-12,2020-04-13,2020-04-14,2020-04-15,2020-04-16,2020-04-17,2020-04-18,2020-04-19,2020-04-20,2020-04-21,2020-04-22,2020-04-23,2020-04-24,2020-04-25,2020-04-26,2020-04-27,2020-04-28,2020-04-29,2020-04-30,2020-05-01,2020-05-02,2020-05-03,2020-05-04,2020-05-05,2020-05-06,2020-05-07,2020-05-08,2020-05-09,2020-05-10,2020-05-11,2020-05-12,2020-05-13,2020-05-14,2020-05-15,2020-05-16,2020-05-17,2020-05-18,2020-05-19,2020-05-20,2020-05-21,2020-05-22,2020-05-23,2020-05-24,2020-05-25,2020-05-26,2020-05-27,2020-05-28,2020-05-29,2020-05-30,2020-05-31,2020-06-01,2020-06-02,2020-06-03,2020-06-04,2020-06-05,2020-06-06,2020-06-07,2020-06-08,2020-06-09,2020-06-10,2020-06-11,2020-06-12,2020-06-13,2020-06-14,2020-06-15,2020-06-16,2020-06-17,2020-06-18,2020-06-19,2020-06-20,2020-06-21,2020-06-22,2020-06-23,2020-06-24,2020-06-25,2020-06-26,2020-06-27,2020-06-28,2020-06-29,2020-06-30,2020-07-01,2020-07-02,2020-07-03,2020-07-04,2020-07-05,2020-07-06,2020-07-07,2020-07-08,2020-07-09,2020-07-10,2020-07-11,2020-07-12,2020-07-13,2020-07-14,2020-07-15,2020-07-16,2020-07-17,2020-07-18,2020-07-19,2020-07-20,2020-07-21,2020-07-22,2020-07-23,2020-07-24,2020-07-25,2020-07-26,2020-07-27,2020-07-28,2020-07-29,2020-07-30,2020-07-31,2020-08-01,2020-08-02,2020-08-03,2020-08-04,2020-08-05,2020-08-06,2020-08-07,2020-08-08,2020-08-09,2020-08-10,2020-08-11,2020-08-12,2020-08-13,2020-08-14,2020-08-15,2020-08-16,2020-08-17,2020-08-18,2020-08-19,2020-08-20,2020-08-21,2020-08-22,2020-08-23,2020-08-24,2020-08-25,2020-08-26,2020-08-27,2020-08-28,2020-08-29,2020-08-30,2020-08-31,2020-09-01,2020-09-02,2020-09-03,2020-09-04,2020-09-05,2020-09-06,2020-09-07,2020-09-08,2020-09-09,2020-09-10,2020-09-11,2020-09-12,2020-09-13,2020-09-14,2020-09-15,2020-09-16,2020-09-17,2020-09-18,2020-09-19,2020-09-20,2020-09-21,2020-09-22,2020-09-23,2020-09-24,2020-09-25,2020-09-26,2020-09-27,2020-09-28,2020-09-29,2020-09-30,2020-10-01,2020-10-02,2020-10-03,2020-10-04,2020-10-05,2020-10-06,2020-10-07,2020-10-08,2020-10-09,2020-10-10,2020-10-11,2020-10-12,2020-10-13,2020-10-14,2020-10-15,2020-10-16,2020-10-17,2020-10-18,2020-10-19,2020-10-20,2020-10-21,2020-10-22,2020-10-23,2020-10-24,2020-10-25,2020-10-26,2020-10-27,2020-10-28,2020-10-29,2020-10-30,2020-10-31,2020-11-01,2020-11-02,2020-11-03,2020-11-04,2020-11-05,2020-11-06,2020-11-07,2020-11-08,2020-11-09,2020-11-10,2020-11-11,2020-11-12,2020-11-13,2020-11-14,2020-11-15,2020-11-16,2020-11-17,2020-11-18,2020-11-19,2020-11-20,2020-11-21,2020-11-22,2020-11-23,2020-11-24,2020-11-25,2020-11-26,2020-11-27,2020-11-28,2020-11-29,2020-11-30,2020-12-01,2020-12-02,2020-12-03,2020-12-04,2020-12-05,2020-12-06,2020-12-07,2020-12-08,2020-12-09,2020-12-10,2020-12-11,2020-12-12,2020-12-13,2020-12-14,2020-12-15,2020-12-16,2020-12-17,2020-12-18,2020-12-19,2020-12-20,2020-12-21,2020-12-22,2020-12-23,2020-12-24,2020-12-25,2020-12-26,2020-12-27,2020-12-28,2020-12-29,2020-12-30,2020-12-31,2021-01-01,2021-01-02,2021-01-03,2021-01-04,2021-01-05,2021-01-06,2021-01-07,2021-01-08,2021-01-09,2021-01-10,2021-01-11,2021-01-12,2021-01-13,2021-01-14,2021-01-15,2021-01-16,2021-01-17,2021-01-18,2021-01-19,2021-01-20,2021-01-21,2021-01-22,2021-01-23,2021-01-24,2021-01-25,2021-01-26,2021-01-27,2021-01-28,2021-01-29,2021-01-30,2021-01-31,2021-02-01,2021-02-02,2021-02-03,2021-02-04,2021-02-05,2021-02-06,2021-02-07,2021-02-08,2021-02-09,2021-02-10,2021-02-11,2021-02-12,2021-02-13,2021-02-14,2021-02-15,2021-02-16,2021-02-17,2021-02-18,2021-02-19,2021-02-20,2021-02-21,2021-02-22,2021-02-23,2021-02-24,2021-02-25,2021-02-26,2021-02-27,2021-02-28,2021-03-01,2021-03-02,2021-03-03,2021-03-04,2021-03-05,2021-03-06,2021-03-07,2021-03-08,2021-03-09,2021-03-10,2021-03-11,2021-03-12,2021-03-13,2021-03-14,2021-03-15,2021-03-16,2021-03-17,2021-03-18,2021-03-19,2021-03-20,2021-03-21
MnDOT D1,-13.5,8.8,14.3,6.8,-6,13.8,12.6,7,4.4,4,-9.3,3.6,13.2,6.8,-4.8,7.3,-11.3,-46.3,-6.8,12.6,11.2,8.5,2.8,5.7,6.4,17.8,6.4,13.5,7.2,7.2,6.4,-1,2.6,7.1,5.8,3.4,4.7,-2.4,0.2,7,2.3,12.1,4.4,-3.3,8.4,8.5,13.7,3.8,8.5,-0.8,1.8,5.9,7.2,20.3,8.6,11.4,8,5.7,6.2,9.8,14.6,7.3,5.3,8.4,-0.9,5.5,5.2,9.6,7,6.5,9.8,-0.2,1.8,-4.1,-0.5,-6.5,-4.8,-17.3,-26.6,-26.7,-32.2,-38.1,-20.3,-25.8,-29.4,-26.9,-29.6,-56.3,-52.6,-36.2,-32.8,-38.3,-39.5,-50.5,-42.3,-37.2,-34.8,-37.9,-34.3,-35,-38.2,-37.8,-53.9,-32.9,-34,-30.8,-27.2,-29.3,-35.2,-31.3,-29.4,-28.6,-25.9,-23.8,-24.3,-20.7,-20.6,-19.1,-23.9,-15.7,-6.5,-33.3,-27.9,-30,-27.3,-30.9,-22.5,-24.4,-26.1,-27.7,-24.6,-21.7,-18.8,-20.7,-21,-20,-23.6,-18.9,-7,-11.6,-1.8,3.2,1.7,-7,-5.8,-9,1.1,-0.9,-5.8,-11.2,-7.4,-7.9,-14.9,-11.4,-10.7,-9.6,-10.8,-11.5,-13.8,-9.8,-10.3,-12.9,-8.2,-8,-5.7,1.5,-2.5,-1,-3.4,-4.7,-4.1,-4.4,2.1,-1.5,-3.2,-1.4,0.2,-2.7,1.6,4.7,2.2,6,8.3,9.6,5.4,-13.8,1,4.3,-3.8,-10.7,-5,-5.7,-7.1,-7.6,-5.2,-11.1,-2.7,-3,-4.3,-11.5,-1.7,-1.9,-13.5,-4.5,0.9,-2,-13.1,-4.9,-3.3,-4.7,-0.9,-0.7,-2.1,-4.4,-2.2,-1.9,-1.4,0.9,0.7,-3.1,-1.6,-8.5,-2.7,-1.5,-1,-4.1,-11,0.8,0.5,0.6,1.1,-0.4,-1,-5,-5.3,0.2,-1.5,-2.5,-4.8,-4,-7.4,-2,-3.5,-10.4,-2.8,6.4,13.7,7.9,10.7,5.5,-1.1,3.9,2.5,-3.3,-7.2,-13.7,-6,-0.4,0.5,3,2.4,0.9,4.3,9.2,6.4,7.8,11.6,5.9,6.9,13.7,22.7,5.8,-1.9,1.1,7,7.2,12,13.8,7.7,2.7,4.7,5.8,11.5,11.8,7,0.9,1.6,0.8,11.8,4,-18.7,0.2,-3.7,-19.9,-15.9,-34.6,-21.2,-18.5,-25.6,-13.1,-16.3,-18.4,-17.3,-20.6,-26.9,-18.5,-12.9,-4.6,3.6,9.6,18.6,0.8,4.2,1.7,-8.4,-12.7,-6.8,-11.1,-14.2,-22.3,-18.4,-17.7,-11.4,-4.9,-16,-10.1,-28.8,-16.3,-24.4,-1.3,-53.1,-31.6,-8.3,-29.9,-20.7,-10.7,-10.7,-9.5,-12.4,-6.4,-7.4,-4.7,-7.1,-1.5,-6.2,-10.3,-6.1,-7.6,-5.7,-10.7,-5.8,-3.3,-12.6,-5.7,4.3,-3.1,11.3,-29.9,-35.2,-54.6,-9.6,-6.3,4.8,-8.8,-10.3,-6.6,-33.4,6.8,13.8,8.4,12.2,6,6.3,1.5,0.1,5.7,12.2,10.3,20.4,-5.3,-5.1,1,10.4,24.1,6.5,4,3.9,-0.3,-3.1,-3.5,9,2.3,2.6,9.3,6,-6,13.7,4.4,11,12.4,-12.7,-12.2,-23.5,-24,-8.8,-4.3,-3.4,-5.6,-10,-15.3,-7.2,-2,1.1,3.2,2.5,1.6,4.7,10.6,8,10.8,10.6,12.3,1.1,8.2,12.1,6.6,7.3,11.3,5.7,8.9,12.6,15.3,16.1,5,1.4,-9.7,3.1,8.6,9.5,4.7,0.6,7.9,7.7,6.7,19.8,8
MnDOT D2,-28.7,6.2,0,-2.8,-14,10.7,11.5,2.2,8.6,2.9,-4.2,-0.8,13.3,8,-8.2,7.3,-26,-42.6,-9.4,12.9,17.5,10.6,9.8,8.5,10.2,3.1,10.7,10,2.6,2.2,5.5,-0.4,-4.9,4.8,7.2,2.6,0.8,-0.2,-3.8,4.7,1,6.9,-8.7,-5.4,1.4,-3.4,4.4,4.5,11.6,2.7,7.7,3.9,-1.1,8.8,4.6,4.5,12.5,11.4,5.1,6.5,3.9,4.7,0.8,2.4,-2.9,1.1,1.7,-2.1,5.2,7.2,2.4,8.9,-4.3,-5.3,-16.4,-8.9,-7.8,-20.8,-33.2,-29.6,-35.5,-44.5,-21.8,-27.8,-29.9,-18,-30.8,-56.2,-54,-36.6,-35.5,-37.2,-47.5,-60.6,-50.7,-49.7,-36.5,-35.6,-37.8,-37.3,-31.7,-40.2,-50.7,-28,-31.4,-29.6,-26.4,-28.6,-33.2,-31.7,-27.9,-24.5,-20.7,-12.8,-18.9,-23.4,-20.4,-11.2,-19.6,-12.9,-5.6,-29.3,-26.4,-30.6,-20.5,-19.9,-17.8,-18.7,-18.4,-32.5,-23,-16.2,-6.8,-17.4,-16.8,-17.3,-18.5,-12.3,-10.6,-7.1,-3.6,-3.2,-0,-3.8,-15.4,-3.4,-7.8,-4.5,-8,-12,-14.5,-8.6,-13.7,-15.4,-15.6,-13.6,-9.7,-12.2,-23,-16.3,-17.3,-12.5,-9.2,-3.6,0.3,-7.5,-6.8,-6.1,-3.8,-8.8,-3,-5,-6.1,-2.9,-3.9,-3.1,-4.8,-1.6,-1.1,-1.8,1.6,4.3,-3,10.4,-8.9,-23.8,1.5,1.5,-3,-10.5,-6.7,-6.9,-12.1,-2.6,-13.7,-6.8,-8.1,-7,-8.9,-10.9,-9.9,-5.2,-9.8,-6.2,-6.5,-7.5,-13.8,-9.7,-3.4,-4,-7.7,-4,-4.1,-5.7,-2.7,3.8,-0,-0.7,-1.6,-10.6,-11.2,-11.1,8.4,6.4,6.8,2,-7.8,0.7,2.3,12.1,10.6,9.3,6.2,3.8,5.8,8.4,7.5,3.4,3.5,1.2,-0,0.7,-4.1,3,7.2,12.7,17.8,12.7,19.2,15,17.5,8.7,6.7,5.2,1.3,-2.2,1.1,6.3,4.8,8.1,10.6,14.9,10.2,12.2,6.3,11.9,10.3,8,6.1,16.1,13.3,-0,-1.2,-0.9,5.6,8.7,10.2,8.8,3,-1,0.4,2.4,6.4,8.5,-7.3,1.8,-3.3,-2.8,2.9,3.9,-19.3,-6.9,-0.5,-21.6,-14.3,-29.9,-19.5,-21.8,-30.4,-12.8,-15.5,-16.9,-13.6,-16.1,-21.2,-7.6,2.9,1.5,-2.8,22,28.1,-5.3,0.6,0,-0.8,-11.5,-2.3,-8.7,-15.2,-17.4,-12.8,-11.2,-17.3,-2.6,-14.6,-14.9,-28.6,-12.6,-15.1,-2.3,-50,-29.2,-4.1,-24.6,-14.2,-1.9,1.7,-9.7,-12.9,-10,-13.2,0.3,-2.1,9.3,-8,-10.5,-7.1,-14.7,-0.7,1.7,11.5,-4.2,-7.4,-0.9,2,0.6,22.3,-29.9,-26.1,-53.9,-8.5,-0.1,8.1,0.8,2.6,-0.3,-34.4,8.3,3.6,16.5,12,10.1,9.6,1.3,3.5,2.1,15.2,16.2,17.4,-5,-15.8,2.1,-5.5,21.7,17.4,10.9,24.1,11,4,-1.2,19.9,19,15,17.8,16.2,4.6,6.3,10.8,16.8,11,2.4,1,-14.4,-15.6,3.1,9.6,11.3,7.3,-1.4,-3.2,-8.4,8.2,19.4,20.9,13.1,13.1,9.6,14,13.7,15.8,4.4,12.8,7.2,12.5,15.9,8.9,9.7,3.8,6.1,4.3,12.4,4.7,2.6,4.2,-6,-9.8,3.3,5.9,-0.4,4.4,2.2,5.8,6,5.8,10.4,4.7
MnDOT D3,-19.9,8.6,-2.2,3.5,-8.3,7.7,7.5,2,4.8,0.4,-11.6,-0.2,5,2.3,-4.1,1.1,-24.3,-42.4,-16.1,4.4,6.4,3.2,-0.8,4.1,1.6,12,10.1,5.5,8.4,6.5,4.1,2,2,6,7.8,4.6,3.6,3.9,-2.3,-2.6,0.5,8,-2.2,-7.7,1,3.5,6.2,8,4.3,2.3,3.1,7.4,7,16.5,6.4,11.1,7.5,5.3,-0,11.7,-1.7,2.5,-2.4,1,-3.1,-2.1,1.2,-2.7,-4,-2.2,-5,-6.4,-7.1,-11.8,-14,-11.9,-15.8,-22.3,-28.4,-30.5,-34.2,-43.4,-21.4,-27.6,-26.7,-22.5,-25.6,-59.1,-62.2,-23.3,-30.2,-36.6,-40.6,-49.2,-46.3,-49.4,-34.1,-33,-34,-33.6,-37.9,-39.8,-57.7,-30.7,-32.6,-31.5,-29.8,-21.7,-25.1,-32,-21.9,-20.1,-13.6,-20.9,-14.8,-21.6,-16.1,-12.5,-14.5,-14.1,-6.7,-26.2,-24.2,-29.7,-21.9,-27.7,-18.2,-23.9,-24.5,-35.6,-30.4,-21.2,-21.3,-24.1,-22.5,-18.7,-29.2,-21.1,-13.7,-9.7,-7.2,-3.1,-5.6,-12.8,-19,7.2,-7.7,-6.8,-13.7,-15.1,-17.8,-14.9,-12,-12.4,-12.4,-7.7,-5.9,-2.4,-11.1,-11.1,-15.2,-15.3,-8.3,-4.7,-9.5,-7.7,-5.6,-5.5,-9.3,-12.7,0.6,-6,-4.8,-3,-0.8,-1.7,-3.4,-1.9,-4.2,-6.1,-4.4,3,4.9,35.5,-2.9,-22.9,3.7,3.1,-5.1,-11.9,-0.6,-3.7,-14.6,-7,-7.6,-11.8,-3.7,2.3,-0.9,-13.6,-4.6,-7.6,-12.7,-2.8,1.9,-2.9,-16.7,-8.5,-7.2,-7.6,-1.3,3.2,2.1,-3,-4,3.5,3.7,5.2,0.7,-0.1,3.4,-5.2,-0,1.6,-0,3.6,-9,2.1,-2.2,0.9,4.3,6.7,1.7,3.1,-4.7,-8.1,-4.2,-2.9,-0.5,-0.7,-4.1,-6.3,-11.7,-1.9,3.6,11.9,18,17.7,3.3,0.2,20.2,14.7,4.9,-2.6,-5.8,-4.6,1.5,-6.7,-1.7,-0.2,-1.7,-3.6,-3.3,-1.3,-8.4,-2.5,1.8,-0.4,-5.2,-2.2,4.2,-14,1.9,3.3,-0.6,-2.8,-5,0.5,-7.1,-1.7,-2.9,-6.4,-3.5,-0.2,-3.8,-5.6,2.3,-3.5,-0.1,-6,-16,-5.6,-6.7,-28.3,-13.6,-41.7,-21.2,-23.3,-28.6,-13.9,-17.9,-11.5,-18.2,-19.4,-24.1,-15.4,-10.1,-6.8,-4.1,5.7,14,-0.1,4.7,-3.3,-12,-18,-12.2,-14.7,-8.8,-14.6,-19.4,-14.9,-12.4,-9.9,-15.4,-10.7,-30,-16.4,-20.3,-2.3,-49.4,-29.5,-9.9,-27.8,-16.9,-7.6,-8.7,-10.8,-8.4,-8.7,-5.1,-7.2,-0.9,-0.4,-7,-5.6,-7.1,-4.9,-5.7,-4.7,1.6,-3.9,-7.4,-1.8,2.4,4.6,14.6,-31.1,-31.5,-47.1,-10.7,-4.2,1.7,-11.5,-4,-1.5,-25.1,11.4,5.6,12.6,8.2,10.6,11.8,3.9,2.4,5.1,13,7.9,23.5,-9,-7.2,6.2,2.4,19.1,6,12.7,12.9,13.6,-2.6,-4.2,10.6,9.6,9.2,11.5,12.3,4.5,9,5.9,1.4,10.7,-2.9,-9.3,-22.6,-24.3,-9.4,-3.8,-0.5,-6.3,-11.3,-17.6,-17.4,-5.8,-8,6.2,8.1,3.1,3.2,3.4,12.7,11.1,13,16.7,16.3,21.5,13.7,7.4,11.7,12.9,7.7,8.1,12.5,2.4,10.1,11.5,1.4,-4.5,9.3,9.6,-3.1,-1.1,2.9,14.3,7.9,7.9,8.7,2.7
MnDOT D4,-19.1,10,0.5,11.2,-6,13.5,16.4,10.8,9.9,4,-4.7,9.2,12.3,7.5,-10.2,9.8,-51.9,-78.1,-18.3,8.7,10.7,12.3,8.2,12.6,9.8,8.8,12.9,15.8,6.3,11.3,11.6,3.3,1,13.1,9.1,6,4.1,6.6,3.4,10.3,3.3,14.8,-40,2.8,7.2,10.1,17.5,16.6,9.6,10.1,7.8,5.3,7.6,23.5,9.2,5.5,9.1,7.8,6.1,6.7,1.7,-0.4,-0.7,3.1,-2.9,-0.7,7.3,-1.1,5.6,2.2,5.6,4.6,0.5,-8.1,-16,-5.6,-2.9,-15.3,-27.1,-23.8,-33.5,-41.6,-21,-21.8,-27.4,-21,-31.1,-50.1,-54.7,-34.2,-32.2,-37.7,-48.8,-60.6,-51.6,-57.7,-40.5,-38,-38.3,-39.7,-42.1,-48.5,-63.6,-40.7,-37.8,-34.8,-36.7,-34.6,-35.2,-45,-31.3,-29.9,-23.3,-23.2,-23.8,-24.8,-33.8,-22.5,-23.3,-18.8,-12.7,-29.6,-24.7,-30,-26.4,-32.9,-21.4,-21.8,-25.6,-34.2,-36.7,-21,-20.8,-20.6,-19.9,-21.1,-24.5,-23.7,-17,-15,-11.5,-7.8,-8.6,-13,-36.8,-20,-13.1,-9.8,-14.1,-17.1,-16.6,-20.7,-14.9,-16.4,-14.4,-13.4,-9.9,-14.9,-30.1,-15.2,-15.6,-13.1,-13,-6.8,-12.2,-21.6,-12.3,-8.2,-8.1,-12.4,1.1,-4.4,-6.2,-4.4,-8.7,-2.6,-6,-2.9,1.7,-10.3,-8.2,-4.9,10.9,29.3,-12.2,-26,-10.1,4.4,-5,-10.3,-9,-8.8,-15.6,-14.1,-12.4,-10.3,-9.8,-4.3,-6.9,-12.9,-11.7,-8.4,-11.4,-7.1,-5.3,-6.4,-17.4,-11.4,-5.9,-7.4,-6.1,-6.4,-6.4,-10.3,-12,-7,-8,-8.2,-10.5,-11.2,-12.2,-16.9,-7.5,-7.1,-9.4,-10.4,-14.2,-6.7,-10.3,-9.1,-5.3,-7.7,-4.5,-4.2,-3.6,-10.4,-11.7,-9,-12.4,-12.2,-14.1,-15.2,-20.2,-16.1,-8.7,-3.6,5.8,4.7,0.3,-15.6,-4.8,-6.5,-9.2,-8,-13.2,-16.4,-12.4,-11.1,-3.8,3.5,-1.7,-4.9,-3.9,-4.9,-12.9,-12,-6.4,0.6,-2.5,-5.9,-8.7,-9,-8.6,-7.3,-2.3,10.1,4.1,6.3,9.6,11,0,-2.9,5.1,14.5,-21.2,-5.3,2.2,-1.6,12.3,-7,-22,1.6,-7.7,-31.2,-4.4,-41.7,-17.7,-19.1,-29.6,-13.9,-12.3,-11,-12.4,-0.8,-22.4,-19.5,-3.4,-3.3,-12.3,1.9,3.9,-8.8,-13.7,-9.9,-13.4,-14.6,-10.6,-14.3,-16.5,-24.9,-18.2,-16.2,-17.7,-11.9,-16,-9.6,-33.6,-11.4,-13,4.2,-47.6,-30,-7.9,-16.3,-13.9,-5.6,-4.7,-9.9,-14.1,-10.7,-9.7,-1,-1.5,-3.5,-2.6,-5.8,-8.7,-12.7,5.3,-6.3,-1.7,-3.1,-8.5,-0.9,-0.6,6.5,19.3,-56.7,-11.9,-50.4,-5.7,-1.7,11.3,-22.6,-16.2,-9.4,-33.7,-5.5,-3.5,4,9.9,0.9,1.5,-8.8,-5.6,-3.1,4.6,6.8,12,-16.2,-30.9,-5.3,-13.6,6,2,2.1,4.8,6.4,-9.7,-11.8,-0.3,2.2,2,3.8,4,-9.8,-3.8,-3.8,3.9,1.5,-14.2,-2.9,-22.7,-21.2,-13.3,-6.5,-2.7,-4.3,-7.3,-16.5,-13,-3,-2.5,-3.7,1.6,-2.1,2.4,11.3,0.4,-2.7,3.9,9.7,1.4,-0.3,10.4,-2.1,-0.2,-0.2,0.5,-0.7,5.4,-0.4,1.4,1.9,-10.1,-3.3,3.2,11.1,-3.6,-0.6,5.5,5.6,5.2,2.8,10.6,6.5
MnDOT D6,-24.9,4.6,1.8,6.2,-2,23.4,13.9,10.6,2.4,9.4,-2.5,1.3,14.4,11.9,4.5,14.1,-33.7,-57.5,-18.8,19.1,16,-11.8,-3.2,2.3,4.5,10.1,19.1,15.1,11,8.5,6.4,7.2,3.7,10.6,9.2,8.5,4.6,5,11.1,-43.6,5.2,10.7,0.4,-4.9,5.9,5,13.9,-0.5,3.4,8.1,4.1,9.6,7.5,16,9.7,10.4,6.9,9.3,10.1,13.3,0.1,4.3,1.9,2.3,-3.3,1.4,4.2,-0.3,-1.4,3.3,1.9,-0.5,-2.8,-9,-13.1,-4.6,-2.8,-13.8,-23,-31.4,-34.1,-42.6,-21.3,-23.9,-32.2,-30.9,-37.1,-55.5,-58,-32.7,-33.1,-36,-39,-51.8,-47.7,-50.8,-39.1,-34.8,-33.9,-37.2,-41.6,-41,-74.1,-43,-33.9,-32.5,-33.6,-38.6,-35.3,-42,-32.7,-25.9,-21.4,-26.9,-31.4,-28.3,-33.9,-25.5,-26,-21.6,-20.3,-32.5,-31.8,-34.5,-23.6,-25.9,-23.1,-26.3,-28.2,-29,-37,-22.3,-20.9,-22,-23.4,-24.2,-27.8,-38.8,-18,-17.4,-12.7,-15.4,-18,-27.6,-33.3,-29,-15,-14,-15.6,-17.3,-17.7,-19.7,-14.4,-15.4,-13.5,-13.6,-15.3,-17.4,-20.7,-11.9,-16.5,-15.8,-9.6,-12.6,-14,-15.5,-9.2,-7.6,-8.6,-10.8,-13,-15.8,-15.6,-9.7,-7.5,-8.9,-6.6,-12.5,-7.9,-13.5,-11,-3.5,-2.9,2.6,-22.4,-34.2,-15.5,-6.3,-10.9,-10.2,-15.3,-9.6,-15.9,-11.7,-7.8,-12.7,-5.8,-6.3,-10.1,-14,-11.6,-6.6,-9.2,-6.3,-6.8,-8.8,-14.3,-16.6,-5.4,-7.1,-4.7,-2.6,-6.2,-4.6,-11.8,-5.2,-5.9,-5,-7.1,-8.9,-8.2,-13.8,-7.7,-4.2,-5.7,-5.7,-10.1,-4.2,-9.6,-5.3,-5.2,-5.3,-4.3,-9,-9,-12.1,-9,-8.6,-9.4,-10.9,-14.7,-10.1,-13.8,-11.3,-4.7,-0.9,-0.4,-4.2,-8.2,-14.6,-14.1,-7.7,-8.4,-6.9,-12.7,-11.5,-10.8,-3.4,-3.3,-0.9,-4.1,-7.4,-4.5,-6,-2.2,-2.2,-2.2,-6.9,-8.4,-7.5,-6,-4.7,-3.8,-5.9,-5.1,-6.1,-4.6,-6.8,0.7,-0.1,0.5,0,0.2,10.1,2.3,-0.3,0.7,1.1,1.8,-3.7,-1.6,-3.9,0.7,-14.7,-8,-14.5,-12.5,-8.1,-32.5,-9.3,-7.1,-6.7,-7.9,-9.8,-16.3,-8.4,-2.9,-4.6,-4.4,-0.1,0.2,-4.7,-9.2,-8,-23.8,-10.7,-10.1,-11.7,-18.9,-27.1,-11.8,-11.8,-11,-7,-9.4,-16.4,-30.5,-8.6,-18.7,0.3,-50.9,-29.5,-15.7,-20.2,-12.6,-10.3,-9.9,-12.7,-11.2,-10.3,-16.1,-6.2,-10.6,-5.1,-5.9,-11.5,-9.9,-12.7,-3.3,-6.2,-4.7,-5.7,-6.6,-7.2,-3.5,3,8,-14.9,-32.2,-55.4,-10.1,-10.3,7.6,-24.1,-20.3,-13.9,-42.6,-5.9,-5.4,13.9,11.7,0.8,-2.5,-3.8,-5.5,-7.3,13.1,10.4,8.9,-18,-32.7,-8.5,-10.2,19.3,0.2,1.2,3.7,-0.8,-19.5,-21.3,6.8,2.9,4.7,5,3.5,-16.2,-18.6,-0.9,6.6,9.4,-43.9,-13,-17.2,-22.5,-6.1,1.2,-0.3,-7.4,-6.5,-16.7,-13.6,-9.7,-2.7,-2.7,-5,-3.4,1.9,-20.1,-2.5,7.3,5.5,0.3,2.4,7.6,-2.8,-3.7,-2.8,-4,-2.9,-6.7,-1.9,-7.8,0.2,0.3,-5.8,-2.1,-2.5,3.7,-1.5,-36.6,-4.2,0.7,5.1,1.8,5.6,0.3
MnDOT D7,-25.9,9.9,-3.4,2.3,-1.8,20.7,15.9,10.4,12.8,5.3,0.1,-3.5,7,8.6,3.1,20.1,-50.4,-71.8,-33.4,9.8,12,4.6,-0.1,7.6,5,12.9,17,12.2,9.1,8.3,8,10.3,7.2,8.8,5.9,7.2,9.4,1.4,11.9,-32.7,8.8,13.3,-14.4,0.1,8.5,13.2,17.9,1.8,5.1,5.8,7.4,11.4,12.5,24.2,12.3,8.4,11.8,13.6,12,15.4,-2.1,9.3,7.8,6.3,1.7,6,6.7,2.4,8.3,3.8,1.2,7.3,2,-15.7,-14,1,-5.8,-11.7,-27.4,-31,-33.5,-42.4,-17.4,-18.8,-24.3,-21.7,-24.8,-57.1,-57.5,-23.9,-25.9,-31.2,-35.3,-46.3,-45.7,-52.9,-31.3,-27.8,-28.9,-28.5,-33.6,-41.1,-73.5,-37.7,-32.5,-23.7,-27.3,-34.7,-32.5,-46.9,-26.5,-22.9,-17.7,-22,-30.5,-28.6,-35.7,-17.6,-24,-17.9,-14.9,-30.5,-34.9,-38.7,-27.6,-27.1,-22.1,-25.1,-29.3,-33.9,-32,-18.8,-18.6,-22.9,-20.2,-22.9,-30.1,-37.6,-13.9,-13.5,-8.6,-8.8,-11.1,-15,-29.4,-16.2,-8.4,-8.6,-9.4,-13.2,-20.4,-18.1,-12.1,-15.8,-12.3,-10.7,-13.2,-17.5,-20.5,-9,-12.2,-8.2,-6.3,-8.9,-9.9,-14.9,-3.9,-5.7,-4.8,-6.5,-5.1,-6.4,-7.6,-1,-0,-1.2,1.1,-2.4,4.1,-5.4,-4.4,-0.2,4.6,10.4,-16.6,-24.9,-0.5,-1.7,-2.1,-2.3,-4.4,-2.3,-7.9,-3.2,-0.7,-4.6,2.6,0.8,-3.4,-10,-2.8,2.8,-3.3,-1,1.1,0.5,-5.9,-2.2,-1.7,-2,-2.7,3.1,1.9,-3.1,-5.7,3.2,5.4,4.4,4.5,1.1,-1.4,-5.7,2.6,6.4,2,4.4,-1.1,6.3,-1.9,7.4,5.5,5.6,5,3.3,1.5,-1.1,0.4,1,0.1,1.2,-1.9,-3,-8.9,0.3,6,10.9,14.3,6.7,2.7,-4.2,-1.2,5.1,3.9,13.4,1.3,-8.4,-3.4,6.7,4,12.7,14.6,7.2,1.5,-0.6,6,6.6,7.4,-0.5,-6.7,-3.2,0.8,-5.4,-7.3,-4.6,-2.6,-7.4,-6.5,-9.7,-1.3,-0.8,-1.4,-2.6,2.1,3.9,-6.3,1.1,-1.1,-2.6,4.8,-3.5,-5.1,-5.5,-6.8,-22.8,-10.2,-23.2,-17.3,-16.3,-45.3,-13.2,-11.8,-11.2,-13,-14.7,-23.3,-16,-7.6,-7,-3.3,3.2,1.1,-8,-13.3,-14.9,-33.9,-12.4,-8.7,-9.4,-19.4,-28.3,-11.7,-10.1,-7.7,-3.6,-5.9,-16.1,-30.3,-11.5,-8.9,10.3,-45.1,-27.3,-14.8,-19.8,-13.5,-7.4,-3.5,-8.2,-6.9,-5.4,-13.1,-2.1,-5.8,4.1,-2.8,-9.2,-8.4,-12.1,-2,-8.2,-2.1,-6.2,-4.8,-0.6,-0.3,4.7,11.7,-44.3,-30,-49.4,-5.5,-4.9,13.3,-37,-12.9,-10.8,-34.1,4.8,5.9,17.7,14.6,-3.3,5.6,3.2,1.7,0.4,13.7,24.2,19.3,-20.9,-39.3,-3.9,-5.5,19.7,-0.7,7.1,8.4,14,-33.7,-15.4,17.1,18.8,14.3,12.6,10.6,-13.6,0.7,6.8,7.9,10.5,-23.8,0.7,-10.1,-12.1,1.9,0.9,0.9,0.1,-0.9,-7.2,-11.2,2,-2.6,-6.8,4.7,1.6,4,-1.1,6.1,12,8,10.6,8.5,10.3,-6,1.1,2.2,2.5,2.3,3.8,11.7,-1.4,8.6,7.1,-1.9,1.9,0.6,12.5,-0.4,-43.4,0.2,0.6,8.3,6.2,15.2,4.8
MnDOT D8,-31.2,4.9,-6,-0.6,-9.3,16.9,7.3,2.5,5.3,-2.6,-15.2,-3,3.1,4.5,-13.1,7.1,-59.8,-84.9,-35.9,2.9,2.3,5.8,1.8,5.8,0.1,9.3,13.6,8.8,4.3,3.1,-1.9,3.2,4.5,2,3.6,2.9,1.7,-6.1,5.8,-38.3,0.4,6,-43,-5.2,-7.9,-0.2,14.5,-9.8,-2.9,4.4,5.8,6.5,8,15.9,4.2,3.4,3.4,0.5,2.7,4.1,-3.5,-0.5,-3,-2.8,-2.4,2.1,6.2,2.5,0.4,-1.4,-0.9,-1.8,-4.5,-13.2,-16.7,-7.2,-11.6,-21.6,-30.1,-29.7,-38.5,-46.5,-23.6,-24.4,-27.8,-25.2,-26.1,-57.8,-54.2,-28.2,-28.6,-33.6,-38.6,-48.8,-47.9,-51.1,-32.7,-29.5,-27.4,-33.7,-35.9,-39.7,-69,-35,-30.9,-25.3,-28,-28.3,-29.8,-34.6,-22.2,-20.7,-15.3,-21.8,-23.4,-26,-21.6,-18.7,-18.2,-9.4,-12,-26.6,-27.6,-31.1,-20.7,-28.2,-24,-28.7,-25.8,-32.3,-35.1,-22,-24.2,-29.6,-24.6,-24.8,-38.1,-42.5,-9.6,-7.2,-8.7,-13,-10.2,-7.7,-20.5,-22.2,-9.5,-7.5,-13.4,-11.9,-13.6,-17.9,-9.9,-14,-12.2,-15.5,-13.6,-20.1,-27.1,-15.9,-14.9,-16.7,-8.5,-11.4,-17.6,-18.4,-10.5,-11.7,-9.3,-19,-12.1,-17.2,-19.1,-13.2,-11.6,-14.2,-9.1,-16.6,-14,-20.5,-9.3,-9.4,-8.1,-1,-25.3,-33.8,-14.1,0.7,-11.4,-11.6,-9.1,-10.6,-16.5,-17.1,-12.1,-13.8,-8.3,-7.5,-12.3,-15.8,-14.3,-11.5,-6.2,-11.4,-6.9,-12,-16.7,-20.5,-14,-7.3,-14.2,-7.7,-10.1,-18.4,-20.3,-11.8,-14,-15.1,-15.8,-16.7,-16.6,-17.5,-9.1,-14.4,-17.3,-14,-22.4,-15.2,-20.8,-7.8,-11.1,-14.6,-17.9,-18.5,-16.7,-24.2,-16.5,-13.2,-13.9,-14.1,-18.4,-16,-25.8,-11.9,-12.4,-9.9,-11,-17.2,-21,-22.9,-29.5,-10.5,-13.5,-12.4,-19.5,-14.8,-18.3,-10.4,-13.5,-10.1,-11.8,-17.2,-16.4,-14.9,-11.2,-10.2,-10.8,-9.8,-18.1,-11.9,-11,-10.7,-14.8,-13.8,-4.7,-15.6,-13.9,-14.5,-13.3,-5.8,-1.2,-2.7,-10.2,-7.7,-21.4,-10.7,-3.7,0.3,-0.4,-15.3,-13.2,-14.6,-12.5,-37.9,-13.8,-23.6,-21.1,-21.7,-40.3,-18.2,-14.9,-9.2,-11.2,-19.4,-19.6,-15,-7.2,-5.3,-1.6,3.3,1.1,-3.6,-14,-17.9,-26.1,-22.2,-17.3,-17.1,-15.1,-25.7,-15.6,-14,-13.5,-6.9,-14.3,-15,-32.5,-19.1,-18.2,-2.7,-53.4,-28.4,-14,-25.1,-18.1,-11,-8.3,-8.6,-12.4,-3.3,-8.8,-3.1,-7.5,-1.8,-7,-13.9,-4.3,-12.9,-1.8,-9.3,-3.9,-6.7,-11.3,-0.9,-0.6,6.4,9.6,-56.6,-29.4,-54.5,-7.4,-12.9,5.4,-39.2,-22,-17.3,-45.2,-17.3,-13.6,3.3,2.5,-9.2,-5.2,-11.6,-21.3,-11.6,2.4,2.5,7.1,-23.4,-54.6,-18.7,-15.9,1.1,-2.3,-6.2,-1.7,-7.3,-41.4,-27.1,-0.8,-3.1,-4.8,-7.2,-6.8,-24.6,-12.6,-0.2,2.9,3.2,-31,-17.8,-21.8,-22.2,-16,-5.8,-5.8,-12.7,-18.7,-20.3,-25,-14.5,-5.8,-5.8,-3.4,-7.1,-2.2,-3.2,0,2.5,2.9,3.1,-1.6,-4.2,-26.7,-12,-4.9,-9.8,-4.9,-7.3,-2.3,-10.7,-0.1,1.8,-11,-4.6,-3.4,0.6,-5.8,-39.7,-9.6,0.2,2.9,-1.1,-2.4,-4.8
MnDOT Metro,-37.8,3.8,4.6,2.6,0.2,15.5,12.1,7.1,6.4,7.5,-1,8.3,12.7,11.6,4.7,9.2,-17.7,-33.4,-10.2,5.1,10,4.5,2.4,5.9,5.2,11,12.5,9.7,6.1,5.3,6.3,3.6,4.3,2.5,4.8,4,3.2,1.1,2.5,-20.3,1,6,2.3,-3.8,0.4,-0.1,8,-1.1,5.3,4.4,2,3.8,4.4,11.5,7.8,7.2,8,6.2,7,6.2,7.4,7.5,3.9,5.6,2.1,4.6,5.8,8.2,2.2,-0.6,1.7,1.8,-1.5,-11.5,-10.4,-6.5,-17.6,-24.7,-34,-28.4,-37.1,-41.3,-30.7,-33.5,-35,-30,-27.9,-59.8,-56.7,-37.5,-37.1,-41,-42.1,-49.2,-45.9,-42.7,-40.2,-37.9,-39,-39.1,-38.9,-34.2,-67.1,-40.2,-40.6,-35.8,-35.5,-33.4,-28,-32.8,-33.5,-32.2,-25.1,-28,-28.7,-25.4,-26.5,-25,-34.7,-25.3,-18.7,-27,-24.4,-26.8,-21.7,-30.9,-27,-29.2,-27.9,-28.2,-31.2,-22.1,-27.7,-30.8,-24.3,-20.6,-30.6,-42.1,-15,-19.4,-15.5,-20.3,-21,-32,-30,-35.6,-19.1,-17.1,-21.7,-21.8,-21.9,-21.2,-17.7,-16.2,-12.9,-16,-12.7,-17.3,-16.2,-15,-20.6,-14.5,-12.7,-12.5,-15.5,-12,-11.8,-11.4,-8.1,-18.3,-7.1,-14.2,-12.1,-11.7,-12.9,-12.3,-7.8,-13.6,-12.8,-18.8,-17.5,-12.3,-9.2,-6.8,-22.8,-31,-18.5,-14.7,-12.6,-12.5,-13.2,-10.6,-13.6,-8.7,-11.5,-14.9,-8.1,-9.4,-8.1,-8.2,-10.4,-10.8,-14.2,-4.4,-8.4,-8.2,-16.2,-16.2,-11.2,-11.7,-10.2,-10.2,-11,-13.2,-13.2,-17,-18.1,-17.1,-17.2,-12.8,-20,-21.8,-13.3,-14.6,-21,-15.3,-23.4,-12.3,-12,-16.1,-14.6,-16.1,-15.2,-16.2,-15.7,-16.4,-19.4,-17.9,-18.4,-16.8,-16,-10.5,-13,-16.3,-15,-14.6,-15.8,-15.3,-15.7,-17.9,-33.3,-13.5,-16.7,-10.2,-16.8,-15.9,-12.3,-8,-11.8,-11.2,-10.7,-6.8,-10.9,-10.1,-11.4,-10,-11.3,-11.6,-12.8,-6.9,-1.4,-7.1,-12.7,-8.9,-11.2,-12,-11.8,-9,-10.6,-9.8,-13.2,-13.7,-11,-6.9,-8.7,-12.4,-14.6,-10.7,-17,-9.9,-8.8,-18.6,-14.9,-32.2,-18.5,-22.8,-15.1,-16.1,-30.5,-19.1,-17.7,-16.8,-15.8,-13.6,-16.7,-11.8,-8.5,-8.4,-11.4,-6.4,-6.9,-6.9,-9.3,-16.5,-19.4,-21.1,-20.4,-16.2,-20.6,-23.1,-14.7,-20,-16.5,-12.2,-12.9,-18.7,-20.3,-17.8,-17.4,-10.1,-56.4,-28.6,-16.2,-24.9,-17.5,-11.9,-15.7,-17.2,-13.5,-8.6,-15.5,-13.5,-14.5,-10.6,-14.9,-13.4,-8.3,-18.3,-13.8,-14.1,-10.9,-13.6,-10.4,-6.6,-4,-4.3,1.4,-24.3,-39,-57.2,-22.2,-25.9,-12.2,-26,-21.7,-20.4,-45.2,-16.5,-12.6,-4.1,-3.6,-9.3,-6.7,-11.8,-11.3,-9.9,-3.5,-2.1,-2.9,-24.2,-25,-12.9,-9.7,-3,-8.7,-8.3,-8.9,-6.8,-18.7,-16.9,-5.1,-5,-7.2,-8.8,-6.8,-11.6,-3.2,-7.7,-3.7,-2.6,-23.6,-13.3,-17.8,-20.7,-13.2,-10.5,-9.6,-12.9,-15.5,-17,-18.8,-18.6,-10.5,-12,-10.7,-8.4,-4.6,-10.3,-6.5,-3.5,-4.6,-4.3,-6,-2,-14.5,-7.7,-6.9,-6.4,-7.3,-7.9,-3.4,-4,-5.9,-6.7,-13.6,-8.1,-6.3,-0.1,-1.4,-18.5,-10.8,-5.3,-5.1,-3.6,0.8,-4
MnDOT Statewide,-26.8,6.4,2.2,3.7,-4.8,16.3,12.4,7.3,6.2,5.1,-4.7,2.7,11.3,8.8,-1.4,10.2,-29.9,-50.7,-16.4,10.5,11.8,2.8,2.1,6.1,5.4,10.6,13.4,11.8,7.3,6.8,6.1,3.8,2.6,6.8,6.8,5.2,4,1.6,4.2,-18.2,3,9.4,-7.8,-3.6,3.6,4.1,11.7,2.2,5.8,4.8,4.4,6.6,6.4,16.1,8.2,8.1,8.3,7.7,6.9,9.5,3.2,4.9,2.2,3.6,-1.3,2.5,4.7,2.6,2.5,2.4,2.4,1.7,-2,-9.6,-11.9,-6.1,-8.6,-18.5,-28.7,-29.1,-34.9,-42.4,-23,-26.4,-30.3,-26,-30.1,-56.8,-56.5,-32.5,-32.9,-36.9,-40.8,-51.7,-47.1,-48.4,-37.1,-35,-34.8,-36.2,-38.4,-39.4,-65.5,-37.5,-34.9,-31.5,-31.4,-32.3,-32,-36.8,-29.5,-26.6,-21.3,-23.7,-25.8,-25.1,-26.8,-20.4,-24.8,-18.4,-13.7,-29.7,-27.8,-31,-23.6,-28.1,-22.7,-25.3,-26.1,-30.7,-31.4,-20.9,-20.4,-23.7,-22,-21.3,-27.4,-30.4,-13.8,-14,-9.7,-10,-10.9,-18.3,-24.7,-19.2,-11.2,-9.7,-13.8,-15.8,-16.7,-16.5,-14.4,-14.8,-13.1,-13,-11.8,-14.7,-19.1,-13,-15.8,-13.9,-9.8,-9.2,-10.8,-11.5,-8.2,-7.3,-7,-11.7,-6.1,-10,-9,-6.4,-6.7,-6.3,-4.9,-7.6,-5.1,-9.7,-7.5,-2.6,-0.6,8.1,-14.7,-27.2,-8.6,-2.9,-7.5,-10.3,-9,-7.7,-13.2,-8.8,-9,-11.4,-5.6,-4.9,-7,-12,-8.5,-6.6,-10.7,-5.3,-4.3,-6.2,-14.4,-11.5,-6.4,-7,-5.7,-3.4,-4.9,-7.3,-8.8,-4.9,-5.5,-5,-6.4,-7.7,-9,-13.3,-4.3,-3.8,-6,-5.1,-12,-3.5,-6.7,-2.8,-2.5,-3.1,-3.8,-5.9,-6.1,-7.9,-7,-6.7,-7.4,-7.6,-9.8,-7.3,-11.5,-8.4,-3.5,1.3,4.6,0.2,-1.7,-6.9,-8.1,-1.5,-4.5,-3.1,-9.3,-10.9,-7.4,-2.9,-3,0.1,-0.6,-2,-2.6,-1.9,-2.8,-1,-0,-2.6,-5.3,-0.9,2.2,-4.9,-5.7,-4.5,-2.4,-2.9,-2.2,-1.6,-1.2,-1.3,-2.1,-2.8,-0.1,4.5,-4.9,-3.4,-2.6,-2.6,0.8,-4.1,-11.4,-7.1,-5.8,-24.3,-12.4,-27.1,-17.4,-16.7,-32.1,-13.8,-13.6,-12.5,-13.3,-14.3,-20.5,-13.3,-6.2,-5,-4.6,4.1,6.6,-4.6,-6.5,-8.4,-17.3,-14.7,-10.9,-12.5,-16.7,-23.6,-14.8,-14.5,-13.2,-7.3,-12.6,-14.5,-28.7,-13.7,-17.3,-1.1,-51.1,-29.3,-12,-23.3,-15.6,-8.2,-7.5,-11.2,-11.6,-8.3,-12.1,-5.1,-7.1,-1.1,-7.2,-10.5,-7.8,-12.6,-3.9,-7,-1.7,-6,-8.5,-3.7,-0.5,1.6,12,-30.9,-30.6,-53.5,-10.6,-9,4.6,-19.2,-13,-10.1,-38.6,-3.9,-2.6,8.5,7.9,-0.2,1,-3.8,-4.9,-3.8,8.5,8.8,10.6,-16.6,-25,-5.9,-7.1,12.9,1.2,1.5,4,1.9,-16.2,-14.3,6.5,4.4,3.5,4.4,3.9,-10.1,-4.4,0.5,5.4,6.6,-22,-9,-18.3,-20.4,-7.6,-2.6,-2.1,-6.2,-9.1,-14.9,-14.3,-7.2,-2.1,-1.9,-1.1,-1.3,1.7,-3.3,1.9,5.5,4.3,5.3,2.2,6,-1.6,-1,0.6,0.2,-0.3,-1.1,4.3,-1.1,3.1,1.7,-6.3,-5.2,-0.1,5.6,-0.6,-17.6,-2.8,2.6,3.9,2.8,8.1,1.9
